,level_0,영업상태명,소재지전체주소,도로명전체주소,사업장명,업태구분명,좌표정보(x),좌표정보(y),시도,지역구,상세주소,검색여부
0,0,영업/정상,서울특별시 강남구 논현동 198-9,"서울특별시 강남구 강남대로114길 18, 지상1층 102호 (논현동)",정식당,한식,202203.971844754,444853.761457955,서울특별시,강남구,"강남대로114길18,",가능
1,1,영업/정상,서울특별시 강남구 역삼동 825-9 준빌딩,"서울특별시 강남구 강남대로 378, 준빌딩 지상1층 (역삼동)",채선당 샤브보트 강남역점,한식,202462.794327378,443827.961944543,서울특별시,강남구,"강남대로378,",가능
2,3,영업/정상,서울특별시 강남구 압구정동 494 갤러리아백화점,"서울특별시 강남구 압구정로 343, 갤러리아백화점 지하1층 (압구정동)",수아당,한식,203470.848439305,447369.579851952,서울특별시,강남구,"압구정로343,",가능
3,5,영업/정상,서울특별시 강남구 역삼동 769-1 삼환 아르누보,"서울특별시 강남구 역삼로 204, 삼환 아르누보 지하1층 B09,B10호 중 107호 (역삼동)",알찬한끼,분식,203453.074368546,443736.68579228,서울특별시,강남구,"역삼로204,",가능
4,7,영업/정상,서울특별시 강남구 삼성동 155-11,"서울특별시 강남구 삼성로96길 11, 지상2층 (삼성동)",세계관,한식,204952.006872429,445195.026116081,서울특별시,강남구,"삼성로96길11,",가능
5,8,영업/정상,서울특별시 강남구 대치동 907-12 아티스톤,"서울특별시 강남구 역삼로 409, 지상1층 102호 (대치동, 아티스톤)",분식을 품다,분식,204506.415173612,444321.238711224,서울특별시,강남구,"역삼로409,",가능
6,12,영업/정상,서울특별시 강남구 논현동 66-35,"서울특별시 강남구 논현로146길 11, 지상2층 (논현동)",식당 민홍,일식,202574.840574654,446222.990405947,서울특별시,강남구,"논현로146길11,",가능
7,15,영업/정상,서울특별시 강남구 개포동 1187-11,"서울특별시 강남구 논현로8길 11, 지상1층 (개포동)",제주그집,한식,204337.29535862,441316.681276932,서울특별시,강남구,"논현로8길11,",가능
8,18,영업/정상,서울특별시 강남구 신사동 502-1 비율라빌딩,"서울특별시 강남구 강남대로 628, 비율라빌딩 지상1층 (신사동)",만수정 강남점,한식,201653.207482566,446184.429131278,서울특별시,강남구,"강남대로628,",가능
9,21,영업/정상,서울특별시 강남구 논현동 114-20,"서울특별시 강남구 언주로134길 11, 지하1층 (논현동)",은서네 국내산 대패삼겹살,한식,203159.048808285,446075.347999996,서울특별시,강남구,"언주로134길11,",가능
10,23,영업/정상,서울특별시 강남구 삼성동 144-14 채널리저브,"서울특별시 강남구 삼성로 517, 지상1층 104호 (삼성동, 채널리저브)",냉동고집 삼성점,한식,204828.180350057,445089.672895407,서울특별시,강남구,"삼성로517,",가능
11,24,영업/정상,서울특별시 강남구 역삼동 770-7,"서울특별시 강남구 역삼로 220, 지상1층 (역삼동)",리하베스트,기타,203571.552291452,443810.299558243,서울특별시,강남구,"역삼로220,",가능
12,25,영업/정상,서울특별시 강남구 역삼동 733,"서울특별시 강남구 논현로76길 12, 지상1층 (역삼동)",팡뮤제,기타,203468.679845421,443861.874985415,서울특별시,강남구,"논현로76길12,",가능
13,26,영업/정상,서울특별시 강남구 신사동 567-23,"서울특별시 강남구 논현로159길 10, 지상1층 104호 (신사동)",만소당,일식,202355.402039864,446767.164870212,서울특별시,강남구,"논현로159길10,",가능
14,27,영업/정상,서울특별시 강남구 삼성동 118-7 대성,"서울특별시 강남구 봉은사로74길 19, 대성 지상1층 102호 (삼성동)",꼬모 서울,기타,204548.465232653,445453.488416063,서울특별시,강남구,"봉은사로74길19,",가능
15,30,영업/정상,서울특별시 강남구 논현동 79-3,"서울특별시 강남구 논현로136길 11, 지상3층 (논현동)",겐지(KENJI),일식,202672.624040835,446002.693509338,서울특별시,강남구,"논현로136길11,",가능
16,31,영업/정상,서울특별시 강남구 논현동 80-19,"서울특별시 강남구 논현로136길 5-5, 지하1층 (논현동)",논현136,한식,202598.885125758,446007.77062939,서울특별시,강남구,"논현로136길5-5,",가능
17,32,영업/정상,서울특별시 강남구 신사동 616-8,"서울특별시 강남구 압구정로36길 7, 지상1층,2층 (신사동)",피양옥,한식,202729.62821332,447308.868246701,서울특별시,강남구,"압구정로36길7,",가능
18,34,영업/정상,서울특별시 강남구 역삼동 827-37,"서울특별시 강남구 테헤란로6길 30, 지상1층 (역삼동)",세븐어클락(7O'CLOCK),한식,202680.800642647,443822.485945659,서울특별시,강남구,"테헤란로6길30,",가능
19,35,영업/정상,서울특별시 강남구 논현동 141-17,"서울특별시 강남구 학동로4길 8, 지상1층 102호 (논현동)",김재윤김치,한식,201950.963698517,445408.624669046,서울특별시,강남구,"학동로4길8,",가능
20,36,영업/정상,서울특별시 강남구 신사동 643-16,"서울특별시 강남구 압구정로46길 28, 지상1층 (신사동)",앰비언트 피크닉(AMBIENT PICNIK),기타,203124.448346501,447185.017101461,서울특별시,강남구,"압구정로46길28,",가능
21,38,영업/정상,서울특별시 강남구 역삼동 834-46 청암빌딩,"서울특별시 강남구 역삼로 140, 청암빌딩 지하2층 2호 (역삼동)",쓰촨 마라,중국식,203016.411353592,443565.052162163,서울특별시,강남구,"역삼로140,",가능
22,39,영업/정상,서울특별시 강남구 신사동 541-2 호경빌딩,"서울특별시 강남구 논현로151길 55, 호경빌딩 지상4층 (신사동)",스시 쥬고야,일식,202023.586080263,446361.308115147,서울특별시,강남구,"논현로151길55,",가능
23,40,영업/정상,서울특별시 강남구 역삼동 834-46 청암빌딩,"서울특별시 강남구 역삼로 140, 청암빌딩 지하2층 6호 (역삼동)",조선육회,한식,203016.411353592,443565.052162163,서울특별시,강남구,"역삼로140,",가능
24,41,영업/정상,서울특별시 강남구 일원동 678-7,"서울특별시 강남구 양재대로33길 24, 지상1층 (일원동)",브레드_히어_(Bread_Here_),기타,207247.808893235,443212.072642554,서울특별시,강남구,"양재대로33길24,",가능
25,42,영업/정상,서울특별시 강남구 역삼동 670-23,"서울특별시 강남구 논현로94길 23, 지상1층 103호,104호 (역삼동)",후토루 역삼점,분식,203308.849811838,444521.77466248,서울특별시,강남구,"논현로94길23,",가능
26,43,영업/정상,서울특별시 강남구 역삼동 827-5 정우씨티,"서울특별시 강남구 테헤란로4길 29, 정우씨티 지하1층 (역삼동)",블루플레임,기타,202633.831687817,443820.594644157,서울특별시,강남구,"테헤란로4길29,",가능
27,44,영업/정상,서울특별시 강남구 역삼동 837-18 서희스타힐스오피스텔,"서울특별시 강남구 도곡로3길 19, 서희스타힐스오피스텔 지상1층 103호 (역삼동)",왕손피자 역삼점,기타,202806.605418469,443241.844994275,서울특별시,강남구,"도곡로3길19,",가능
28,45,영업/정상,서울특별시 강남구 신사동 644-7,"서울특별시 강남구 언주로168길 19, 지하1층 (신사동)",몽크스부처,"외국음식전문점(인도,태국등)",203043.535532243,447126.822334021,서울특별시,강남구,"언주로168길19,",가능
29,49,영업/정상,서울특별시 강남구 신사동 657-26,"서울특별시 강남구 도산대로51길 37, 지상2층 (신사동)",난바스낵 압구정로데오,일식,203290.131850825,447051.960055858,서울특별시,강남구,"도산대로51길37,",가능
30,52,영업/정상,서울특별시 강남구 대치동 897-32,"서울특별시 강남구 선릉로86길 6-3, 지상1층 (대치동)",국신라면,한식,204400.77310368,444525.929621396,서울특별시,강남구,"선릉로86길6-3,",가능
31,53,영업/정상,서울특별시 강남구 논현동 221-7 한양수자인 어반게이트,"서울특별시 강남구 봉은사로29길 35, 지하2층 B201,B202,B203호 주방16호 (논현동, 한양수자인 어반게이트)",킹도리탕,한식,202894.296172644,445277.723124229,서울특별시,강남구,"봉은사로29길35,",가능
32,54,영업/정상,서울특별시 강남구 논현동 108 논현웰스톤,"서울특별시 강남구 학동로43길 38, 지하2층 제비201호 주방11호 (논현동, 논현웰스톤)",라이스박스 논현점,한식,203292.307005445,446247.511537864,서울특별시,강남구,"학동로43길38,",가능
33,56,영업/정상,서울특별시 강남구 대치동 316 은마아파트,"서울특별시 강남구 삼성로 212, 은마상가에이블럭동 지하1층 22호,23호 (대치동, 은마아파트)",포시애틀 은마상가점,한식,205707.089399978,443914.194133105,서울특별시,강남구,"삼성로212,",가능
34,57,영업/정상,서울특별시 강남구 신사동 662-4,"서울특별시 강남구 언주로172길 51, 지상1,2층 (신사동)",다이어메이커(Dyer Maker),경양식,203294.45527214,447200.944071407,서울특별시,강남구,"언주로172길51,",가능
35,58,영업/정상,서울특별시 강남구 신사동 591-14 신사동 빌딩,"서울특별시 강남구 논현로154길 5, 신사동 빌딩 6층 (신사동)",ETHOS 압구정,한식,202464.0605255,446620.889746803,서울특별시,강남구,"논현로154길5,",가능
36,59,영업/정상,서울특별시 강남구 신사동 591-14 신사동 빌딩,"서울특별시 강남구 논현로154길 5, 신사동 빌딩 지상5층 (신사동)",ETHOS 압구정,한식,202464.0605255,446620.889746803,서울특별시,강남구,"논현로154길5,",가능
37,60,영업/정상,서울특별시 강남구 삼성동 143-37 현대타워,"서울특별시 강남구 테헤란로 423, 지하1층 지105호 (삼성동, 현대타워)",가치있는 샐러드,기타,204615.364777705,444884.394551474,서울특별시,강남구,"테헤란로423,",가능
38,61,영업/정상,서울특별시 강남구 논현동 200-7 urbanhive,"서울특별시 강남구 강남대로 476, urbanhive 지하1,지상1층 (논현동)",팀 홀튼 신논현역점,기타,202121.293458771,444742.671288826,서울특별시,강남구,"강남대로476,",가능
39,62,영업/정상,서울특별시 강남구 도곡동 418 다명빌딩,"서울특별시 강남구 논현로38길 42, 지상1층 102호 (도곡동)",옥된장 도곡점,한식,203923.148457189,442601.169322369,서울특별시,강남구,"논현로38길42,",가능
40,63,영업/정상,서울특별시 강남구 도곡동 945-1,"서울특별시 강남구 강남대로58길 12, 지상2층 (도곡동)",토종돼지 삼겹살전문,한식,202855.586130424,443007.028459981,서울특별시,강남구,"강남대로58길12,",가능
41,64,영업/정상,서울특별시 강남구 역삼동 702-16,"서울특별시 강남구 테헤란로47길 8, 지상1층 (역삼동)",압구정육식당,한식,203950.125855442,444674.7981589,서울특별시,강남구,"테헤란로47길8,",가능
42,65,영업/정상,서울특별시 강남구 신사동 589-18 한서빌딩,"서울특별시 강남구 논현로152길 37, 한서빌딩 지상2층 (신사동)",마농 에 마농 마농와인,경양식,202681.8822233,446615.981003411,서울특별시,강남구,"논현로152길37,",가능
43,66,영업/정상,서울특별시 강남구 역삼동 858 강남역,"서울특별시 강남구 강남대로 지하 396, 강남역 지하1층 F-6호 (역삼동)",일월분식,분식,202422.251739571,443872.484453417,서울특별시,강남구,강남대로지하,가능
44,67,영업/정상,서울특별시 강남구 신사동 551-24,"서울특별시 강남구 논현로159길 46-5, 지상1층 (신사동)",그라도스,경양식,202078.772920067,446681.089044912,서울특별시,강남구,"논현로159길46-5,",가능
45,69,영업/정상,서울특별시 강남구 역삼동 761-18 강남프라자,"서울특별시 강남구 언주로 314, 강남프라자 지하1층 B110-2호 (역삼동)",일리있는,한식,204056.199691995,443750.88453048,서울특별시,강남구,"언주로314,",가능
46,71,영업/정상,서울특별시 강남구 역삼동 708-25,"서울특별시 강남구 선릉로89길 7, 지상6층 605호 (역삼동)",갸또올리비에,기타,204243.5,444581.82,서울특별시,강남구,"선릉로89길7,",가능
47,72,영업/정상,서울특별시 강남구 신사동 636,"서울특별시 강남구 언주로 868, 지상2층 (신사동)",더블유(W),기타,202929.20951415,447278.579953114,서울특별시,강남구,"언주로868,",가능
48,74,영업/정상,서울특별시 강남구 역삼동 619-30,"서울특별시 강남구 봉은사로18길 90, 지상3층 (역삼동)",라장양갈비·양꼬치 무한리필,중국식,202379.956845993,444295.924676649,서울특별시,강남구,"봉은사로18길90,",가능
49,75,영업/정상,서울특별시 강남구 역삼동 687-5,"서울특별시 강남구 언주로108길 12, 지상1층 102호 (역삼동)",경복,한식,203512.488810043,445117.880569142,서울특별시,강남구,"언주로108길12,",가능
50,76,영업/정상,서울특별시 강남구 역삼동 707-34 한신인터밸리24,"서울특별시 강남구 테헤란로 322, 한신인터밸리24 지하2층 B138호 (역삼동)",한신 김치찌개,한식,204044.789948927,444529.84042741,서울특별시,강남구,"테헤란로322,",가능
51,80,영업/정상,서울특별시 강남구 역삼동 725-9 역삼봉강빌딩,"서울특별시 강남구 논현로86길 20, 역삼봉강빌딩 지상2층 (역삼동)",치치 다이닝,일식,203389.317762054,444201.439278911,서울특별시,강남구,"논현로86길20,",가능
52,82,영업/정상,서울특별시 강남구 논현동 144-3,"서울특별시 강남구 학동로2길 31, 지하1층 (논현동)",쇼미비치,경양식,201982.38465952,445244.534430384,서울특별시,강남구,"학동로2길31,",가능
53,83,영업/정상,서울특별시 강남구 신사동 583-3 제이비 미소 빌딩,"서울특별시 강남구 논현로 841, 제이비 미소 빌딩 지상1층 116호 (신사동)",노슈가존,한식,202398.022535049,446869.307086395,서울특별시,강남구,"논현로841,",가능
54,84,영업/정상,서울특별시 강남구 신사동 663-21,"서울특별시 강남구 선릉로157길 14-8, 지하1층 (신사동)",도산포차,한식,203373.250410941,447141.729231718,서울특별시,강남구,"선릉로157길14-8,",가능
55,85,영업/정상,서울특별시 강남구 삼성동 148-12,"서울특별시 강남구 봉은사로84길 29, 지상1층 (삼성동)",도리토리 삼성직영점,일식,204913.399231437,445467.227064936,서울특별시,강남구,"봉은사로84길29,",가능
56,86,영업/정상,서울특별시 강남구 역삼동 766-15,"서울특별시 강남구 도곡로 317, 지상1층 101호 (역삼동)",아맘돈까스 한티역점,한식,204403.89,443748.085,서울특별시,강남구,"도곡로317,",가능
57,88,영업/정상,서울특별시 강남구 대치동 961 창진빌딩,"서울특별시 강남구 삼성로 352, 창진빌딩 지상1층 (대치동)",맘스피자 대치사거리점,기타,205156.917414948,444535.964228725,서울특별시,강남구,"삼성로352,",가능
58,89,영업/정상,서울특별시 강남구 신사동 656-2,"서울특별시 강남구 선릉로155길 25, 지하1층 (신사동)",플로우라운지(FLOW LOUNGE),일식,203244.739677162,447040.262357444,서울특별시,강남구,"선릉로155길25,",가능
59,91,영업/정상,서울특별시 강남구 신사동 642-17,"서울특별시 강남구 압구정로48길 36, 3층 (신사동)",아이언케이스,중국식,203185.60544924,447103.404977167,서울특별시,강남구,"압구정로48길36,",가능
60,92,영업/정상,서울특별시 강남구 신사동 505-7,"서울특별시 강남구 압구정로2길 6, 지하1층 (신사동)",이목 스모크다이닝,경양식,201621.76711437,446540.474919442,서울특별시,강남구,"압구정로2길6,",가능
61,93,영업/정상,서울특별시 강남구 신사동 655-4,"서울특별시 강남구 선릉로155길 13, 지상2층 (신사동)",느린마을양조장 압구정로데오점,한식,203340.296112796,447012.653659741,서울특별시,강남구,"선릉로155길13,",가능
62,96,영업/정상,서울특별시 강남구 신사동 636-20,"서울특별시 강남구 압구정로42길 24-5, 지상3층 (신사동)",진스토랑(Jin's torang),한식,202984.7530757,447224.219814083,서울특별시,강남구,"압구정로42길24-5,",가능
63,97,영업/정상,서울특별시 강남구 일원동 682-7,"서울특별시 강남구 양재대로33길 25, 지상1층 4호 (일원동)",영희탕후루,기타,207219.931828203,443213.487247235,서울특별시,강남구,"양재대로33길25,",가능
64,98,영업/정상,서울특별시 강남구 대치동 915-21,"서울특별시 강남구 삼성로67길 22, 1층 103호 (대치동)",호시타코야끼 대치점,일식,205028.499658582,444293.982213308,서울특별시,강남구,"삼성로67길22,",가능
65,99,영업/정상,서울특별시 강남구 청담동 22-4 베리굿빌딩,"서울특별시 강남구 선릉로148길 14, 베리굿빌딩 지상2층 (청담동)",에그앤플라워,경양식,203534.369724048,446694.823252441,서울특별시,강남구,"선릉로148길14,",가능
66,101,영업/정상,서울특별시 강남구 신사동 583-3 제이비 미소 빌딩,"서울특별시 강남구 논현로 841, 제이비 미소 빌딩 지상1층 106호 (신사동)",바르다김선생 압구정역점,분식,202398.022535049,446869.307086395,서울특별시,강남구,"논현로841,",가능
67,103,영업/정상,서울특별시 강남구 도곡동 412-8,"서울특별시 강남구 논현로36길 19, 지상1층 (도곡동)",모티에(MOTIE),한식,203763.966966523,442544.416548171,서울특별시,강남구,"논현로36길19,",가능
68,104,영업/정상,서울특별시 강남구 일원동 628-6,"서울특별시 강남구 개포로128길 33, 지상1층 104호 (일원동)",솔트 플러스 39(Salt Plus 39),기타,207378.864717056,443440.08288616,서울특별시,강남구,"개포로128길33,",가능
69,105,영업/정상,서울특별시 강남구 대치동 626 청실종합상가,"서울특별시 강남구 남부순환로 2917, 청실종합상가 지하1층 31호,32호 (대치동)",청담 수,한식,205154.638096613,443439.981644506,서울특별시,강남구,"남부순환로2917,",가능
70,106,영업/정상,서울특별시 강남구 역삼동 605-17,"서울특별시 강남구 봉은사로 170, 지상1층 101호 (역삼동)",타이거꼬마김밥(언주역점),분식,202828.846096886,444942.656109277,서울특별시,강남구,"봉은사로170,",가능
71,108,영업/정상,서울특별시 강남구 논현동 167-28,"서울특별시 강남구 강남대로120길 13, 지하1층 (논현동)",로쿄 신논현,경양식,202098.486268468,445004.733372331,서울특별시,강남구,"강남대로120길13,",가능
72,109,영업/정상,서울특별시 강남구 신사동 657-1 웬즈데이빌딩,"서울특별시 강남구 선릉로155길 12, 웬즈데이빌딩 3층 (신사동)",도산정육블랙 청담본점,한식,203360.811585626,447035.973299394,서울특별시,강남구,"선릉로155길12,",가능
73,110,영업/정상,서울특별시 강남구 역삼동 837-22,"서울특별시 강남구 강남대로62길 13, 지상1층 (역삼동)",신의주찹쌀순대,한식,202815.341441455,443155.034578953,서울특별시,강남구,"강남대로62길13,",가능
74,111,영업/정상,서울특별시 강남구 개포동 1263-12,"서울특별시 강남구 개포로25길 16, 지상1층 103호 (개포동)",이더웨이 쏘 굿,경양식,204194.90600992,441982.279013361,서울특별시,강남구,"개포로25길16,",가능
75,114,영업/정상,서울특별시 강남구 역삼동 601-7,"서울특별시 강남구 봉은사로2길 7, 지상2층 202호 (역삼동)",초이다이닝 강남점,일식,202197.944660462,444669.498613203,서울특별시,강남구,"봉은사로2길7,",가능
76,115,영업/정상,서울특별시 강남구 삼성동 77-28,"서울특별시 강남구 영동대로115길 15, 지상1층 (삼성동)",랩(LAB),기타,205118.667709849,445806.607131983,서울특별시,강남구,"영동대로115길15,",가능
77,116,영업/정상,서울특별시 강남구 대치동 316 은마아파트,"서울특별시 강남구 삼성로 212, 은마상가 비블럭 지하1층 6호 (대치동, 은마아파트)",산월수제비,분식,205707.089399978,443914.194133105,서울특별시,강남구,"삼성로212,",가능
78,118,영업/정상,서울특별시 강남구 일원동 743 디에이치 자이 개포,"서울특별시 강남구 영동대로 22, 827동 지상1층 에스201-215호 (일원동, 디에이치 자이 개포)",도란,일식,206573.648227777,443195.189239438,서울특별시,강남구,"영동대로22,",가능
79,119,영업/정상,서울특별시 강남구 청담동 32-6,"서울특별시 강남구 삼성로133길 14, 지상1층 101호 (청담동)",금돈옥 청담점,한식,204201.530069611,446363.086746135,서울특별시,강남구,"삼성로133길14,",가능
80,120,영업/정상,서울특별시 강남구 논현동 225-6 논현 아이파크,"서울특별시 강남구 언주로 615, 논현 아이파크 103동 지하1층 B116호 (논현동)",엠브이피자 강남점,경양식,203108.361768367,445369.429120975,서울특별시,강남구,"언주로615,",가능
81,121,영업/정상,서울특별시 강남구 논현동 211-21 펜트힐 루 논현,"서울특별시 강남구 언주로 641, 펜트힐 루 논현 지상2층 204호 (논현동)",앨리스 스튜디오 공간대여 티카페 강남점,기타,203021.90910205,445735.022021415,서울특별시,강남구,"언주로641,",가능
82,122,영업/정상,서울특별시 강남구 압구정동 494 갤러리아백화점,"서울특별시 강남구 압구정로 343, 갤러리아백화점 지하1층 (압구정동)",데일리픽스,경양식,203470.848439305,447369.579851952,서울특별시,강남구,"압구정로343,",가능
83,123,영업/정상,서울특별시 강남구 대치동 901-74,"서울특별시 강남구 역삼로77길 15, 지상1층 101호 (대치동)",헤일리스커피,경양식,204892.948456533,444587.08563322,서울특별시,강남구,"역삼로77길15,",가능
84,124,영업/정상,서울특별시 강남구 논현동 108 논현웰스톤,"서울특별시 강남구 학동로43길 38, 지하2층 제비201호 주방5호 (논현동, 논현웰스톤)",부리또리(강남구청점),기타,203292.307005445,446247.511537864,서울특별시,강남구,"학동로43길38,",가능
85,125,영업/정상,서울특별시 강남구 청담동 88-19,"서울특별시 강남구 선릉로158길 14-2, 지하1층 (청담동)",청담 여백,일식,203550.222034236,446995.85946725,서울특별시,강남구,"선릉로158길14-2,",가능
86,126,영업/정상,서울특별시 강남구 대치동 316 은마아파트,"서울특별시 강남구 삼성로 212, 은마상가 지상1층 A-117호 (대치동, 은마아파트)",샐러리아 대치은마점,경양식,205707.089399978,443914.194133105,서울특별시,강남구,"삼성로212,",가능
87,127,영업/정상,서울특별시 강남구 압구정동 494 갤러리아백화점,"서울특별시 강남구 압구정로 343, 갤러리아백화점 고메이 494 식품관 지하1층 (압구정동)",알로하포케 갤러리아압구정점,"외국음식전문점(인도,태국등)",203470.848439305,447369.579851952,서울특별시,강남구,"압구정로343,",가능
88,128,영업/정상,서울특별시 강남구 대치동 942-3,"서울특별시 강남구 삼성로 436, 지상1층 101호 (대치동)",민 위스키(Min Whiskey),경양식,205021.427708749,444851.260675991,서울특별시,강남구,"삼성로436,",가능
89,129,영업/정상,서울특별시 강남구 역삼동 707-34 한신인터밸리24,"서울특별시 강남구 테헤란로 322, 한신인터밸리24 지하2층 B105호 (역삼동)",불나는 칼국수,한식,204044.789948927,444529.84042741,서울특별시,강남구,"테헤란로322,",가능
90,130,영업/정상,서울특별시 강남구 논현동 183-10,"서울특별시 강남구 강남대로118길 28, 지상1층 (논현동)",카페 바바바(cafe BAVABA),경양식,202200.375287313,444955.562945988,서울특별시,강남구,"강남대로118길28,",가능
91,131,영업/정상,서울특별시 강남구 역삼동 727-14 프라임빌딩,"서울특별시 강남구 논현로 412, 프라임빌딩 지상1층 105호,106호 (역삼동)",옛날그맛 명동칼국수,한식,203390.390363975,443864.765894165,서울특별시,강남구,"논현로412,",가능
92,132,영업/정상,서울특별시 강남구 역삼동 827-3,"서울특별시 강남구 강남대로84길 24-4, 지하1층 (역삼동)",뉴욕바,한식,202635.525941012,443839.93360458,서울특별시,강남구,"강남대로84길24-4,",가능
93,134,영업/정상,서울특별시 강남구 논현동 119 The Pinnacle Gangnam,"서울특별시 강남구 학동로 343, The Pinnacle Gangnam 지하2층 B203호 (논현동)",후토루 강남구청점,일식,203522.611749323,446136.224971923,서울특별시,강남구,"학동로343,",가능
94,135,영업/정상,서울특별시 강남구 청담동 31-12,"서울특별시 강남구 삼성로 725, 신관 지상1층 102호 (청담동)",쉘터에이(Shelter A),기타,204261.009835561,446438.765417965,서울특별시,강남구,"삼성로725,",가능
95,136,영업/정상,서울특별시 강남구 논현동 241-16,"서울특별시 강남구 학동로50길 7, 지상1층 101호,104호 (논현동)",우리 청담점,한식,203472.006113539,446003.98577584,서울특별시,강남구,"학동로50길7,",가능
96,138,영업/정상,서울특별시 강남구 대치동 898,"서울특별시 강남구 선릉로 418, 지상1층 104호 (대치동)",빠리냉삼,한식,204379.602634846,444450.075574017,서울특별시,강남구,"선릉로418,",가능
97,139,영업/정상,서울특별시 강남구 신사동 613-5 캐럴라인타워,"서울특별시 강남구 압구정로32길 11, 지상1층 102호 (신사동)",콜비 에비뉴,기타,202601.216639328,447186.65948325,서울특별시,강남구,"압구정로32길11,",가능
98,141,영업/정상,서울특별시 강남구 신사동 642-2,"서울특별시 강남구 압구정로48길 24, 지하1층 (신사동)",우에다,일식,203174.082198139,447190.787552839,서울특별시,강남구,"압구정로48길24,",가능
99,142,영업/정상,서울특별시 강남구 논현동 221-7 한양수자인 어반게이트,"서울특별시 강남구 봉은사로29길 35, 지하2층 B201호,B202호,B203호 주방22호 (논현동, 한양수자인 어반게이트)",외길곱창 논현점,한식,202894.296172644,445277.723124229,서울특별시,강남구,"봉은사로29길35,",가능
100,143,영업/정상,서울특별시 강남구 신사동 576-3,"서울특별시 강남구 압구정로28길 22-9, 지상2층 (신사동)",신사약방진,한식,202297.481855442,446978.00232723,서울특별시,강남구,"압구정로28길22-9,",가능
101,144,영업/정상,서울특별시 강남구 역삼동 769-1 삼환 아르누보,"서울특별시 강남구 역삼로 204, 삼환 아르누보 지하1층 B07,B08호중 103호 (역삼동)",딩딤1968 역삼점,중국식,203453.074368546,443736.68579228,서울특별시,강남구,"역삼로204,",가능
102,146,영업/정상,서울특별시 강남구 개포동 186-13 메트하임,"서울특별시 강남구 개포로 504, 메트하임 17층 1701호 (개포동)",37.5 시그니처 개포점,패밀리레스트랑,205871.381297709,442986.597126448,서울특별시,강남구,"개포로504,",가능
103,147,영업/정상,서울특별시 강남구 역삼동 831-24 예미프레스티지,"서울특별시 강남구 강남대로78길 12, 예미프레스티지 지상1층 101호 중 102호 (역삼동)",프로티너(PROTEINER) 강남역점,경양식,202614.861589627,443629.023395675,서울특별시,강남구,"강남대로78길12,",가능
104,150,영업/정상,서울특별시 강남구 수서동 461-26,"서울특별시 강남구 광평로 236, 지상1층 (수서동)",추포도,한식,208639.576435953,442619.026655203,서울특별시,강남구,"광평로236,",가능
105,151,영업/정상,서울특별시 강남구 도곡동 452-7 나무빌딩,"서울특별시 강남구 논현로24길 29, 나무빌딩 지상2층 (도곡동)",모던케이(Modern K),한식,203924.230719984,442241.8628479,서울특별시,강남구,"논현로24길29,",가능
106,152,영업/정상,서울특별시 강남구 논현동 160-11 louis(루이스빌딩),"서울특별시 강남구 강남대로122길 31, louis(루이스빌딩) 4층 402호 (논현동)",유사길,기타,202183.147975025,445154.018131195,서울특별시,강남구,"강남대로122길31,",가능
107,153,영업/정상,서울특별시 강남구 삼성동 151-20 연남(Yeon nam)빌딩,"서울특별시 강남구 테헤란로81길 51, 연남(Yeon nam)빌딩 지상1층 (삼성동)",남천1번국밥,한식,204852.022914598,445358.338887869,서울특별시,강남구,"테헤란로81길51,",가능
108,154,영업/정상,서울특별시 강남구 자곡동 636 서강플라자,"서울특별시 강남구 자곡로 114, 서강플라자 지상1층 107호 (자곡동)",쌀어묵공방,분식,208422.856918085,441097.917189004,서울특별시,강남구,"자곡로114,",가능
109,155,영업/정상,서울특별시 강남구 논현동 81-10,"서울특별시 강남구 논현로134길 9, 지상1층 (논현동)",동경탕후루 학동역점,기타,202667.276707843,445939.082743906,서울특별시,강남구,"논현로134길9,",가능
110,157,영업/정상,서울특별시 강남구 신사동 557-34,"서울특별시 강남구 논현로153길 28, 지상1층 (신사동)",새르(Saer),기타,202212.761619856,446519.491520303,서울특별시,강남구,"논현로153길28,",가능
111,161,영업/정상,서울특별시 강남구 역삼동 812-9,"서울특별시 강남구 봉은사로4길 33, 지하1층,지상1층 (역삼동)",카린지린가네 강남역점,일식,202316.313176602,444501.025840373,서울특별시,강남구,"봉은사로4길33,",가능
112,164,영업/정상,서울특별시 강남구 신사동 539-2,"서울특별시 강남구 강남대로152길 64, 지상1층 (신사동)",압구정곱창 가로수길 직영점,한식,202092.419569544,446282.777940208,서울특별시,강남구,"강남대로152길64,",가능
113,165,영업/정상,서울특별시 강남구 역삼동 792-59,"서울특별시 강남구 역삼로20길 22, 지상1층 106호 (역삼동)",죽을담다 역삼점,한식,203304.894093224,443530.094271641,서울특별시,강남구,"역삼로20길22,",가능
114,166,영업/정상,서울특별시 강남구 역삼동 792-59,"서울특별시 강남구 역삼로20길 22, 지상1층 106호 (역삼동)",역삼국밥 본점,한식,203304.894093224,443530.094271641,서울특별시,강남구,"역삼로20길22,",가능
115,167,영업/정상,서울특별시 강남구 신사동 600-16,"서울특별시 강남구 논현로164길 25, 지상1층 (신사동)",우나쥬유키,한식,202609.422617758,446784.55409859,서울특별시,강남구,"논현로164길25,",가능
116,168,영업/정상,서울특별시 강남구 논현동 66-24 파티오나인,"서울특별시 강남구 논현로 742, 파티오나인 9층 (논현동)",데땅듀,경양식,202506.952781256,446229.469115567,서울특별시,강남구,"논현로742,",가능
117,169,영업/정상,서울특별시 강남구 논현동 88-7,"서울특별시 강남구 학동로 215, 지상1층 105호,106호 (논현동)",맘스피자 학동역점,기타,202812.31443187,445850.354038982,서울특별시,강남구,"학동로215,",가능
118,171,영업/정상,서울특별시 강남구 역삼동 826-37 쌍용플래티넘밸류,"서울특별시 강남구 테헤란로4길 46, 지하1층 제비상가104호 (역삼동, 쌍용플래티넘밸류)",올라포케 강남점,한식,202619.098126049,443688.691713202,서울특별시,강남구,"테헤란로4길46,",가능
119,173,영업/정상,서울특별시 강남구 신사동 659-13,"서울특별시 강남구 압구정로50길 18, 지상1층 (신사동)",엠피피(MPP),한식,203267.119501225,447224.471660861,서울특별시,강남구,"압구정로50길18,",가능
120,174,영업/정상,서울특별시 강남구 논현동 267-15,"서울특별시 강남구 선릉로 629, 에이동 지상1층 (논현동)",아니다 파르크(ANIDAR PARQUE),경양식,203691.216575414,445630.943074822,서울특별시,강남구,"선릉로629,",가능
121,175,영업/정상,서울특별시 강남구 대치동 898-32,"서울특별시 강남구 선릉로76길 7, 지상1층 (대치동)",북창동 순두부,한식,204452.193009266,444371.849214031,서울특별시,강남구,"선릉로76길7,",가능
122,178,영업/정상,서울특별시 강남구 신사동 567-23,"서울특별시 강남구 논현로159길 10, 지상1층 102호 (신사동)",우혼,기타,202355.402039864,446767.164870212,서울특별시,강남구,"논현로159길10,",가능
123,179,영업/정상,서울특별시 강남구 신사동 643-26,"서울특별시 강남구 압구정로46길 26, 지상1층 (신사동)",곱창집,한식,203131.425794406,447204.535632346,서울특별시,강남구,"압구정로46길26,",가능
124,180,영업/정상,서울특별시 강남구 신사동 514-8,"서울특별시 강남구 강남대로152길 34, 지상1층 (신사동)",시선 신사점,일식,201884.462771644,446172.901274756,서울특별시,강남구,"강남대로152길34,",가능
125,181,영업/정상,서울특별시 강남구 논현동 80-23,"서울특별시 강남구 논현로136길 3, 지상1층 103호 (논현동)",카페코너,기타,202610.295311256,445973.524578466,서울특별시,강남구,"논현로136길3,",가능
126,182,영업/정상,서울특별시 강남구 신사동 502-6 ICT TOWER,"서울특별시 강남구 강남대로 624, ICT TOWER 지상1층 (신사동)",센드미,기타,201657.313312924,446139.884099294,서울특별시,강남구,"강남대로624,",가능
127,184,영업/정상,서울특별시 강남구 역삼동 601-29 케이빌딩,"서울특별시 강남구 강남대로110길 19-1, 케이빌딩 지상1층 (역삼동)",연하동 신논현점,일식,202267.773283505,444637.870375171,서울특별시,강남구,"강남대로110길19-1,",가능
128,185,영업/정상,서울특별시 강남구 대치동 896-28,"서울특별시 강남구 테헤란로68길 25, 지하1층 (대치동)",육회한집샤브,한식,204603.13605546,444606.621960676,서울특별시,강남구,"테헤란로68길25,",가능
129,186,영업/정상,서울특별시 강남구 논현동 16-47 에코스페이스,"서울특별시 강남구 강남대로146길 25, 에코스페이스 5층 (논현동)",트랑블루1647,경양식,201889.137511987,445895.963116576,서울특별시,강남구,"강남대로146길25,",가능
130,188,영업/정상,서울특별시 강남구 논현동 139-1 어린이집,"서울특별시 강남구 학동로12길 16, 어린이집 지상1층 (논현동)",스포트라이트,기타,202208.624581687,445433.001182636,서울특별시,강남구,"학동로12길16,",가능
131,189,영업/정상,서울특별시 강남구 개포동 189 개포자이 프레지던스,"서울특별시 강남구 삼성로 14, 상가동 지하1층 B114호 (개포동, 개포자이 프레지던스)",커피 발보아,한식,206239.623997375,442598.51298973,서울특별시,강남구,"삼성로14,",가능
132,190,영업/정상,서울특별시 강남구 청담동 22-14,"서울특별시 강남구 도산대로58길 18, 지상1층 (청담동)",윰드(Ummd),기타,203572.631713218,446650.881330352,서울특별시,강남구,"도산대로58길18,",가능
133,191,영업/정상,서울특별시 강남구 역삼동 707-34 한신인터밸리24,"서울특별시 강남구 테헤란로 322, 한신인터밸리24 지하2층 제비145호 (역삼동)",캐주얼 샐러드,기타,204044.789948927,444529.84042741,서울특별시,강남구,"테헤란로322,",가능
134,193,영업/정상,서울특별시 강남구 역삼동 738-43 삼화빌딩,"서울특별시 강남구 논현로81길 13, 삼화빌딩 지상1층 (역삼동)",SPEVO 스페보,경양식,203188.832404993,443960.976473268,서울특별시,강남구,"논현로81길13,",가능
135,194,영업/정상,서울특별시 강남구 개포동 1188,"서울특별시 강남구 논현로8길 12, 지상1층 101호 (개포동)",13월,한식,204359.091172421,441290.315272148,서울특별시,강남구,"논현로8길12,",가능
136,196,영업/정상,서울특별시 강남구 논현동 114-20,"서울특별시 강남구 언주로134길 11, 지상1층 (논현동)",몽이네 한우내장탕,한식,203159.048808285,446075.347999996,서울특별시,강남구,"언주로134길11,",가능
137,198,영업/정상,서울특별시 강남구 역삼동 796-29 강남서해그랑블,"서울특별시 강남구 논현로63길 16, 지상1층 116호 (역삼동, 강남서해그랑블)",강남닭도리,한식,203389.562748068,443422.779316247,서울특별시,강남구,"논현로63길16,",가능
